{
 "version": "2.0.0",
 "scrollSpeed": {
  "normal": 1,
  "hard": 2.9
 },
 "events": [],
 "notes": {
  "easy": [
   {
    "t": 1330.64516129032,
    "d": 5
   },
   {
    "t": 1330.64516129032,
    "d": 1
   }
  ],
  "normal": [
   {
    "t": 967.741935483871,
    "d": 3
   },
   {
    "t": 1209.67741935484,
    "d": 4
   }
  ],
  "hard": [
   {
    "t": 604.838709677419,
    "d": 5
   },
   {
    "t": 846.774193548387,
    "d": 3
   }
  ]
 },
 "generatedBy": "Friday Night Funkin' - v0.8.4"
}